id;name;mobile;email;age;photo;residence
1;mobile Fish;Home Loan Accoun;Jadon_Streich@gmail.com;14286;deposit Tasty Metal Bacon Implementation;Chips
2;Money Market Account;Albania web-read;Judge.Moore@gmail.com;4666;Coordinator;Common
3;Savings Account syndicate Planne;Refined Rubber C;Adonis_White56@gmail.com;80839;access Intelligent;Monitored Bahamian Dollar Investment Account
4;Games Regional Digitized;copy convergence;Karson3@gmail.com;96958;connect Markets Chief;capacitor archive
5;sky blue Tasty Plastic Pizza;compress South G;Fletcher60@yahoo.com;54269;Plastic;Car Industrial deliverables
6;orange Books;magenta monitor ;April_Walter@yahoo.com;11586;IB Investment Account archive;envisioneer
7;moratorium pixel withdrawal;Mississippi embr;Noemi.Reichert@hotmail.com;77096;Avon;system Small
8;Intelligent Outdoors;Harbor Montana;Sydney60@hotmail.com;41038;override User-centric;Money Market Account
9;Salad Web virtual;Refined Squares;Ciara_Johns53@gmail.com;32434;Fresh granular Direct;Profit-focused
10;Jewelery cutting-edge;Games;Kaden.Johns@yahoo.com;69243;encompassing;Directives
